TGStat Chat URL,Telegram Chat Link
https://kaz.tgstat.com/chat/@lotclub_pro/stat,https://t.me/lotclub_pro
https://kaz.tgstat.com/chat/@angime_angyme_tanysu/stat,https://t.me/angime_angyme_tanysu
https://kaz.tgstat.com/chat/@ketabdoo/stat,https://t.me/ketabdoo
https://kaz.tgstat.com/chat/@guw_sauda/stat,https://t.me/guw_sauda
https://kaz.tgstat.com/chat/@atyrausaudazharnama06/stat,https://t.me/atyrausaudazharnama06
https://kaz.tgstat.com/chat/@vyrasti_sadi/stat,https://t.me/vyrasti_sadi
https://kaz.tgstat.com/chat/@telefonyaktobe/stat,https://t.me/telefonyaktobe
https://kaz.tgstat.com/chat/@butelefonyalmaty/stat,https://t.me/butelefonyalmaty
https://kaz.tgstat.com/chat/@Bilayn7/stat,https://t.me/Bilayn7
https://kaz.tgstat.com/chat/@shar_zhar/stat,https://t.me/shar_zhar
https://kaz.tgstat.com/chat/@akimatatyrau/stat,https://t.me/akimatatyrau
https://kaz.tgstat.com/chat/@AstanaNash/stat,https://t.me/AstanaNash
https://kaz.tgstat.com/chat/@rabota_Astana_Kazakhstan/stat,https://t.me/rabota_Astana_Kazakhstan
https://kaz.tgstat.com/chat/@Bilayn_gbl/stat,https://t.me/Bilayn_gbl
https://kaz.tgstat.com/chat/@kazakhstan_topchat/stat,https://t.me/kazakhstan_topchat
https://kaz.tgstat.com/chat/@Nukus_Avto_2021/stat,https://t.me/Nukus_Avto_2021
https://kaz.tgstat.com/chat/@KOKSO_MP/stat,https://t.me/KOKSO_MP
https://kaz.tgstat.com/chat/@kvartira_atyrau/stat,https://t.me/kvartira_atyrau
https://kaz.tgstat.com/chat/@biznes4ru/stat,https://t.me/biznes4ru
https://kaz.tgstat.com/chat/@mangystauakimat/stat,https://t.me/mangystauakimat
https://kaz.tgstat.com/chat/@anglia_kz/stat,https://t.me/anglia_kz
https://kaz.tgstat.com/chat/@ffin_global_chat/stat,https://t.me/ffin_global_chat
https://kaz.tgstat.com/chat/@SharTaxi/stat,https://t.me/SharTaxi
https://kaz.tgstat.com/chat/@kezekte_group/stat,https://t.me/kezekte_group
https://kaz.tgstat.com/chat/@DepartamentUSA/stat,https://t.me/DepartamentUSA
https://kaz.tgstat.com/chat/@GMafiaKZ/stat,https://t.me/GMafiaKZ
https://kaz.tgstat.com/chat/@angyme_tanysu_chat1_baygaystan/stat,https://t.me/angyme_tanysu_chat1_baygaystan
https://kaz.tgstat.com/chat/@chatpodeshevle/stat,https://t.me/chatpodeshevle
https://kaz.tgstat.com/chat/@poehalisnamiastana/stat,https://t.me/poehalisnamiastana
https://kaz.tgstat.com/chat/@drop_kz/stat,https://t.me/drop_kz
https://kaz.tgstat.com/chat/@baraholka_ohota_i_ribalka/stat,https://t.me/baraholka_ohota_i_ribalka
https://kaz.tgstat.com/chat/@angme_para_tabu3/stat,https://t.me/angme_para_tabu3
https://kaz.tgstat.com/chat/@Atyrau_Business/stat,https://t.me/Atyrau_Business
https://kaz.tgstat.com/chat/@QSTjob/stat,https://t.me/QSTjob
https://kaz.tgstat.com/chat/@kandyagash_taxi/stat,https://t.me/kandyagash_taxi
https://kaz.tgstat.com/chat/@kzcasting/stat,https://t.me/kzcasting
https://kaz.tgstat.com/chat/@rabota_kosshy/stat,https://t.me/rabota_kosshy
https://kaz.tgstat.com/chat/@bala_qorgau/stat,https://t.me/bala_qorgau
https://kaz.tgstat.com/chat/@attestasiagadaiynndyk/stat,https://t.me/attestasiagadaiynndyk
https://kaz.tgstat.com/chat/@KaragandaBusiness/stat,https://t.me/KaragandaBusiness
https://kaz.tgstat.com/chat/@KazakhstanBusinessmen/stat,https://t.me/KazakhstanBusinessmen
https://kaz.tgstat.com/chat/@tanysu_chat_angime/stat,https://t.me/tanysu_chat_angime
https://kaz.tgstat.com/chat/@RABOTA_SKO_PETROPAVL/stat,https://t.me/RABOTA_SKO_PETROPAVL
https://kaz.tgstat.com/chat/@angyme_tanysu_chatt/stat,https://t.me/angyme_tanysu_chatt
https://kaz.tgstat.com/chat/@osakarovkaofficial/stat,https://t.me/osakarovkaofficial
https://kaz.tgstat.com/chat/@Belayn_gb_tele2_satu/stat,https://t.me/Belayn_gb_tele2_satu
https://kaz.tgstat.com/chat/@NurSultan_Business/stat,https://t.me/NurSultan_Business
https://kaz.tgstat.com/chat/@Jarnama1440/stat,https://t.me/Jarnama1440
https://kaz.tgstat.com/chat/@ConfUchet/stat,https://t.me/ConfUchet
https://kaz.tgstat.com/chat/@kvartira_atyrau_kz/stat,https://t.me/kvartira_atyrau_kz
https://kaz.tgstat.com/chat/@asylarman_jk/stat,https://t.me/asylarman_jk
https://kaz.tgstat.com/chat/@adistemelik_chat/stat,https://t.me/adistemelik_chat
https://kaz.tgstat.com/chat/@KyzylOrda_Business/stat,https://t.me/KyzylOrda_Business
https://kaz.tgstat.com/chat/@balichat_event/stat,https://t.me/balichat_event
https://kaz.tgstat.com/chat/@wb_kazakhstan/stat,https://t.me/wb_kazakhstan
https://kaz.tgstat.com/chat/@yurist_jardemi/stat,https://t.me/yurist_jardemi
https://kaz.tgstat.com/chat/@binance_kz/stat,https://t.me/binance_kz
https://kaz.tgstat.com/chat/@kaspi_kazakhstan/stat,https://t.me/kaspi_kazakhstan
https://kaz.tgstat.com/chat/@KzCryptEx/stat,https://t.me/KzCryptEx
https://kaz.tgstat.com/chat/@Osh_NedvijimostKg/stat,https://t.me/Osh_NedvijimostKg
https://kaz.tgstat.com/chat/@tovaropt_kz/stat,https://t.me/tovaropt_kz
https://kaz.tgstat.com/chat/@AsylArman_1/stat,https://t.me/AsylArman_1
https://kaz.tgstat.com/chat/@sozakkk/stat,https://t.me/sozakkk
https://kaz.tgstat.com/chat/@kazakhstanusa/stat,https://t.me/kazakhstanusa
https://kaz.tgstat.com/chat/@BorderKazakhstan/stat,https://t.me/BorderKazakhstan
https://kaz.tgstat.com/chat/@Elite_MafiaKz/stat,https://t.me/Elite_MafiaKz
https://kaz.tgstat.com/chat/@kandyagashtaxi/stat,https://t.me/kandyagashtaxi
https://kaz.tgstat.com/chat/@SHIMBAY_VAKANCIYA2/stat,https://t.me/SHIMBAY_VAKANCIYA2
https://kaz.tgstat.com/chat/@smmunity/stat,https://t.me/smmunity
https://kaz.tgstat.com/chat/@nomadsoulchat/stat,https://t.me/nomadsoulchat
https://kaz.tgstat.com/chat/@zhumys_atyrau/stat,https://t.me/zhumys_atyrau
https://kaz.tgstat.com/chat/@digitalsmmkz/stat,https://t.me/digitalsmmkz
https://kaz.tgstat.com/chat/@Pavlodar_Business/stat,https://t.me/Pavlodar_Business
https://kaz.tgstat.com/chat/@atyrau_car/stat,https://t.me/atyrau_car
https://kaz.tgstat.com/chat/@Uy_Jay_Avto_Mashin_Bazar/stat,https://t.me/Uy_Jay_Avto_Mashin_Bazar
https://kaz.tgstat.com/chat/@rabotaem_06/stat,https://t.me/rabotaem_06
https://kaz.tgstat.com/chat/@smm_almaty1/stat,https://t.me/smm_almaty1
https://kaz.tgstat.com/chat/@QSTbuild/stat,https://t.me/QSTbuild
https://kaz.tgstat.com/chat/@olx_almaty_baraholka/stat,https://t.me/olx_almaty_baraholka
https://kaz.tgstat.com/chat/@kurmangazysauda/stat,https://t.me/kurmangazysauda
https://kaz.tgstat.com/chat/@astananash01/stat,https://t.me/astananash01
https://kaz.tgstat.com/chat/@soqqyjanechat/stat,https://t.me/soqqyjanechat
https://kaz.tgstat.com/chat/@kz_bi/stat,https://t.me/kz_bi
https://kaz.tgstat.com/chat/@nukus_stroyka_QR/stat,https://t.me/nukus_stroyka_QR
https://kaz.tgstat.com/chat/@kvartirant_kosshy/stat,https://t.me/kvartirant_kosshy
https://kaz.tgstat.com/chat/@nukuskungradtaksis/stat,https://t.me/nukuskungradtaksis
https://kaz.tgstat.com/chat/@obmenvkazakhstan/stat,https://t.me/obmenvkazakhstan
https://kaz.tgstat.com/chat/@DandysWorldTeamCreation/stat,https://t.me/DandysWorldTeamCreation
https://kaz.tgstat.com/chat/@kazaqhiinusa/stat,https://t.me/kazaqhiinusa
https://kaz.tgstat.com/chat/@piar_no_limits_kz/stat,https://t.me/piar_no_limits_kz
https://kaz.tgstat.com/chat/@synypzhetekwi/stat,https://t.me/synypzhetekwi
https://kaz.tgstat.com/chat/@tanysu_angyme9/stat,https://t.me/tanysu_angyme9
https://kaz.tgstat.com/chat/@biznesi_kz/stat,https://t.me/biznesi_kz
https://kaz.tgstat.com/chat/@Dubaidagi_Qazaqtar/stat,https://t.me/Dubaidagi_Qazaqtar
https://kaz.tgstat.com/chat/@QSTsalebusiness/stat,https://t.me/QSTsalebusiness
https://kaz.tgstat.com/chat/@cncdesigngroup/stat,https://t.me/cncdesigngroup
https://kaz.tgstat.com/chat/@emigration_in_KZ/stat,https://t.me/emigration_in_KZ
https://kaz.tgstat.com/chat/@ip_too_kazakhstan/stat,https://t.me/ip_too_kazakhstan
https://kaz.tgstat.com/chat/@asylarman2/stat,https://t.me/asylarman2
https://kaz.tgstat.com/chat/@very_past_payaud/stat,https://t.me/very_past_payaud
